delete from t_article;
delete from t_article_category;
delete from t_case;
delete from t_case_category;
delete from t_case_images;
delete from t_industry_category;
delete from t_site_images;

INSERT INTO t_article(article_id,article_category_id,article_title,contents,is_show,sort_no,create_date,update_date) VALUES ('96287e54d42011e792de00ffcff25f0f', '9959627cd37911e792de00ffcff25f0f', '动态新闻', '新闻内容', '1', '0', '2017-11-28 17:41:26', '2017-11-28 17:41:26');
INSERT INTO t_article(article_id,article_category_id,article_title,contents,is_show,sort_no,create_date,update_date) VALUES ('96df1defd42011e792de00ffcff25f0f', 'a071e8e9d37911e792de00ffcff25f0f', '简介', '简介内容', '1', '1', '2017-11-28 17:41:26', '2017-11-28 17:41:26');
INSERT INTO t_article(article_id,article_category_id,article_title,contents,is_show,sort_no,create_date,update_date) VALUES ('9763c821d42011e792de00ffcff25f0f', 'a435535ed37911e792de00ffcff25f0f', '服务', '服务内容', '1', '2', '2017-11-28 17:41:26', '2017-11-28 17:41:26');
INSERT INTO t_article(article_id,article_category_id,article_title,contents,is_show,sort_no,create_date,update_date) VALUES ('97f26458d42011e792de00ffcff25f0f', 'f91e6461d37911e792de00ffcff25f0f', '联系', '联系方式内容', '1', '3', '2017-11-28 17:41:26', '2017-11-28 17:41:26');
INSERT INTO t_article(article_id,article_category_id,article_title,contents,is_show,sort_no,create_date,update_date) VALUES ('987864fed42011e792de00ffcff25f0f', 'f9a32a52d37911e792de00ffcff25f0f', '招聘', '招聘内容', '1', '4', '2017-11-28 17:41:26', '2017-11-28 17:41:26');

INSERT INTO t_article_category(article_category_id,category_name,is_show,sort_no,create_date,update_date) VALUES ('9959627cd37911e792de00ffcff25f0f', '新闻动态', '1', '0', '2017-11-28 17:41:26', '2017-11-28 17:41:26');
INSERT INTO t_article_category(article_category_id,category_name,is_show,sort_no,create_date,update_date) VALUES ('a071e8e9d37911e792de00ffcff25f0f', '简介', '1', '1', '2017-11-28 17:41:26', '2017-11-28 17:41:26');
INSERT INTO t_article_category(article_category_id,category_name,is_show,sort_no,create_date,update_date) VALUES ('a435535ed37911e792de00ffcff25f0f', '服务', '1', '2', '2017-11-28 17:41:26', '2017-11-28 17:41:26');
INSERT INTO t_article_category(article_category_id,category_name,is_show,sort_no,create_date,update_date) VALUES ('f91e6461d37911e792de00ffcff25f0f', '联系', '1', '3', '2017-11-28 17:41:26', '2017-11-28 17:41:26');
INSERT INTO t_article_category(article_category_id,category_name,is_show,sort_no,create_date,update_date) VALUES ('f9a32a52d37911e792de00ffcff25f0f', '招聘', '1', '4', '2017-11-28 17:41:26', '2017-11-28 17:41:26');

INSERT INTO t_case(case_id,case_category_id,industry_category_id,case_name,employ,case_option_image,short_desc,case_desc,is_show,sort_no,create_date,update_date) VALUES ('9eaf3c5fd40e11e792de00ffcff25f0f', '812b0c43d36e11e792de00ffcff25f0f', '47953d32d37011e792de00ffcff25f0f', 'LOGO案例一', '一品香', 'assert/images/goods/yipinxiang-01.jpg', '一品香设计：简介', '一品香设计详细说明', '1', '0', '2017-11-28 17:41:26', '2017-11-28 17:41:26');
INSERT INTO t_case(case_id,case_category_id,industry_category_id,case_name,employ,case_option_image,short_desc,case_desc,is_show,sort_no,create_date,update_date) VALUES ('9f6b2ef8d40e11e792de00ffcff25f0f', '812b0c43d36e11e792de00ffcff25f0f', '484dbab9d37011e792de00ffcff25f0f', 'LOGO案例二', '大众', 'assert/images/goods/dazhong-01.jpg', '大众设计：简介', '大众设计详细说明', '1', '1', '2017-11-28 17:41:26', '2017-11-28 17:41:26');
INSERT INTO t_case(case_id,case_category_id,industry_category_id,case_name,employ,case_option_image,short_desc,case_desc,is_show,sort_no,create_date,update_date) VALUES ('a005fecdd40e11e792de00ffcff25f0f', '81f55136d36e11e792de00ffcff25f0f', '490c6f3ad37011e792de00ffcff25f0f', 'LOGO案例三', '煌上煌', 'assert/images/goods/huangshanghuang-01.jpg', '煌上煌设计：简介', '煌上煌设计', '1', '2', '2017-11-28 17:41:26', '2017-11-28 17:41:26');
INSERT INTO t_case(case_id,case_category_id,industry_category_id,case_name,employ,case_option_image,short_desc,case_desc,is_show,sort_no,create_date,update_date) VALUES ('a09343ced40e11e792de00ffcff25f0f', '81f55136d36e11e792de00ffcff25f0f', '49b8778dd37011e792de00ffcff25f0f', 'LOGO案例四', '李宁', 'assert/images/goods/lining-01.jpg', '李宁设计：简介', '李宁设计', '1', '3', '2017-11-28 17:41:26', '2017-11-28 17:41:26');
INSERT INTO t_case(case_id,case_category_id,industry_category_id,case_name,employ,case_option_image,short_desc,case_desc,is_show,sort_no,create_date,update_date) VALUES ('a10ff62ad40e11e792de00ffcff25f0f', '81f55136d36e11e792de00ffcff25f0f', '4a515d96d37011e792de00ffcff25f0f', 'LOGO案例五', '网易', 'assert/images/goods/wangyi-01.jpg', '网易设计：简介', '网易设计', '1', '4', '2017-11-28 17:41:26', '2017-11-28 17:41:26');
INSERT INTO t_case(case_id,case_category_id,industry_category_id,case_name,employ,case_option_image,short_desc,case_desc,is_show,sort_no,create_date,update_date) VALUES ('a1781763d40e11e792de00ffcff25f0f', '82b9167dd36e11e792de00ffcff25f0f', '4af4ef10d37011e792de00ffcff25f0f', 'LOGO案例六', '博莱特', 'assert/images/goods/bolaite-01.jpg', '博莱特设计：简介', '博莱特设计', '1', '5', '2017-11-28 17:41:26', '2017-11-28 17:41:26');
INSERT INTO t_case(case_id,case_category_id,industry_category_id,case_name,employ,case_option_image,short_desc,case_desc,is_show,sort_no,create_date,update_date) VALUES ('a2baad4fd40e11e792de00ffcff25f0f', '837032f7d36e11e792de00ffcff25f0f', '4b9bb89cd37011e792de00ffcff25f0f', 'LOGO案例七', '小米', 'assert/images/goods/xiaomi-01.jpg', '小米设计：简介', '小米设计', '1', '6', '2017-11-28 17:41:26', '2017-11-28 17:41:26');
INSERT INTO t_case(case_id,case_category_id,industry_category_id,case_name,employ,case_option_image,short_desc,case_desc,is_show,sort_no,create_date,update_date) VALUES ('a36fa2ded40e11e792de00ffcff25f0f', '837032f7d36e11e792de00ffcff25f0f', '4b9bb89cd37011e792de00ffcff25f0f', 'LOGO案例八', '大脸鸡排', 'assert/images/goods/dalianjipai-01.jpg', '大脸鸡排设计：简介', '大脸鸡排设计', '1', '7', '2017-11-28 17:41:26', '2017-11-28 17:41:26');
INSERT INTO t_case(case_id,case_category_id,industry_category_id,case_name,employ,case_option_image,short_desc,case_desc,is_show,sort_no,create_date,update_date) VALUES ('a3fed3b0d40e11e792de00ffcff25f0f', '837032f7d36e11e792de00ffcff25f0f', '4b9bb89cd37011e792de00ffcff25f0f', 'LOGO案例九', '三木教育', 'assert/images/goods/sanmujiaoyu-01.jpg', '三木教育设计：简介', '三木教育设计', '1', '8', '2017-11-28 17:41:26', '2017-11-28 17:41:26');
INSERT INTO t_case(case_id,case_category_id,industry_category_id,case_name,employ,case_option_image,short_desc,case_desc,is_show,sort_no,create_date,update_date) VALUES ('a4794706d40e11e792de00ffcff25f0f', '837032f7d36e11e792de00ffcff25f0f', '4b9bb89cd37011e792de00ffcff25f0f', 'LOGO案例十', '未来之光', 'assert/images/goods/weilaizhiguang-01.jpg', '未来之光设计：简介', '未来之光设计', '1', '8', '2017-11-28 17:41:26', '2017-11-28 17:41:26');

INSERT INTO t_case_category(case_category_id,category_name,is_show,sort_no,create_date,update_date) VALUES ('812b0c43d36e11e792de00ffcff25f0f', '品牌LOGO', '1', '0', '2017-11-28 17:41:26', '2017-11-28 17:41:26');
INSERT INTO t_case_category(case_category_id,category_name,is_show,sort_no,create_date,update_date) VALUES ('81f55136d36e11e792de00ffcff25f0f', '包装设计', '1', '1', '2017-11-27 20:30:27', '2017-11-27 20:30:27');
INSERT INTO t_case_category(case_category_id,category_name,is_show,sort_no,create_date,update_date) VALUES ('82b9167dd36e11e792de00ffcff25f0f', '画册设计', '1', '2', '2017-11-27 20:30:27', '2017-11-27 20:30:27');
INSERT INTO t_case_category(case_category_id,category_name,is_show,sort_no,create_date,update_date) VALUES ('837032f7d36e11e792de00ffcff25f0f', '商业摄影', '1', '3', '2017-11-27 20:30:27', '2017-11-27 20:30:27');

INSERT INTO t_case_images(case_image_id,case_id,image_url,is_show,sort_no,create_date,update_date) VALUES ('d9b6f45fd41f11e792de00ffcff25f0f', '9eaf3c5fd40e11e792de00ffcff25f0f', 'assert/images/goods/yipinxiang-01.jpg', '1', '0', '2017-11-28 17:41:26', '2017-11-28 17:41:26');
INSERT INTO t_case_images(case_image_id,case_id,image_url,is_show,sort_no,create_date,update_date) VALUES ('da3e745bd41f11e792de00ffcff25f0f', '9f6b2ef8d40e11e792de00ffcff25f0f', 'assert/images/goods/dazhong-01.jpg', '1', '1', '2017-11-28 17:41:26', '2017-11-28 17:41:26');
INSERT INTO t_case_images(case_image_id,case_id,image_url,is_show,sort_no,create_date,update_date) VALUES ('dac2a438d41f11e792de00ffcff25f0f', 'a005fecdd40e11e792de00ffcff25f0f', 'assert/images/goods/huangshanghuang-01.jpg', '1', '2', '2017-11-28 17:41:26', '2017-11-28 17:41:26');
INSERT INTO t_case_images(case_image_id,case_id,image_url,is_show,sort_no,create_date,update_date) VALUES ('db396798d41f11e792de00ffcff25f0f', 'a09343ced40e11e792de00ffcff25f0f', 'assert/images/goods/lining-01.jpg', '1', '3', '2017-11-28 17:41:26', '2017-11-28 17:41:26');
INSERT INTO t_case_images(case_image_id,case_id,image_url,is_show,sort_no,create_date,update_date) VALUES ('dbc4c618d41f11e792de00ffcff25f0f', 'a10ff62ad40e11e792de00ffcff25f0f', 'assert/images/goods/wangyi-01.jpg', '1', '4', '2017-11-28 17:41:26', '2017-11-28 17:41:26');
INSERT INTO t_case_images(case_image_id,case_id,image_url,is_show,sort_no,create_date,update_date) VALUES ('dc428f08d41f11e792de00ffcff25f0f', 'a1781763d40e11e792de00ffcff25f0f', 'assert/images/goods/bolaite-01.jpg', '1', '5', '2017-11-28 17:41:26', '2017-11-28 17:41:26');
INSERT INTO t_case_images(case_image_id,case_id,image_url,is_show,sort_no,create_date,update_date) VALUES ('dcb76abbd41f11e792de00ffcff25f0f', 'a2baad4fd40e11e792de00ffcff25f0f', 'assert/images/goods/xiaomi-01.jpg', '1', '6', '2017-11-28 17:41:26', '2017-11-28 17:41:26');
INSERT INTO t_case_images(case_image_id,case_id,image_url,is_show,sort_no,create_date,update_date) VALUES ('dd36e448d41f11e792de00ffcff25f0f', 'a36fa2ded40e11e792de00ffcff25f0f', 'assert/images/goods/dalianjipai-01.jpg', '1', '7', '2017-11-28 17:41:26', '2017-11-28 17:41:26');
INSERT INTO t_case_images(case_image_id,case_id,image_url,is_show,sort_no,create_date,update_date) VALUES ('ddbc21e6d41f11e792de00ffcff25f0f', 'a3fed3b0d40e11e792de00ffcff25f0f', 'assert/images/goods/sanmujiaoyu-01.jpg', '1', '8', '2017-11-28 17:41:26', '2017-11-28 17:41:26');
INSERT INTO t_case_images(case_image_id,case_id,image_url,is_show,sort_no,create_date,update_date) VALUES ('de3ca3bdd41f11e792de00ffcff25f0f', 'a4794706d40e11e792de00ffcff25f0f', 'assert/images/goods/weilaizhiguang-01.jpg', '1', '9', '2017-11-28 17:41:26', '2017-11-28 17:41:26');

INSERT INTO t_industry_category(industry_category_id,category_name,is_show,sort_no,create_date,update_date) VALUES ('47953d32d37011e792de00ffcff25f0f', '工业/能源/化工', '1', '0', '2017-11-27 20:42:42', '2017-11-27 20:42:42');
INSERT INTO t_industry_category(industry_category_id,category_name,is_show,sort_no,create_date,update_date) VALUES ('484dbab9d37011e792de00ffcff25f0f', '生活/服务/娱乐', '1', '1', '2017-11-27 20:42:42', '2017-11-27 20:42:42');
INSERT INTO t_industry_category(industry_category_id,category_name,is_show,sort_no,create_date,update_date) VALUES ('490c6f3ad37011e792de00ffcff25f0f', '食品/服装/餐饮', '1', '2', '2017-11-27 20:42:42', '2017-11-27 20:42:42');
INSERT INTO t_industry_category(industry_category_id,category_name,is_show,sort_no,create_date,update_date) VALUES ('49b8778dd37011e792de00ffcff25f0f', '科技/农业/医药', '1', '3', '2017-11-27 20:42:42', '2017-11-27 20:42:42');
INSERT INTO t_industry_category(industry_category_id,category_name,is_show,sort_no,create_date,update_date) VALUES ('4a515d96d37011e792de00ffcff25f0f', '政府/银行/地产', '1', '4', '2017-11-27 20:42:42', '2017-11-27 20:42:42');
INSERT INTO t_industry_category(industry_category_id,category_name,is_show,sort_no,create_date,update_date) VALUES ('4af4ef10d37011e792de00ffcff25f0f', '文化/教育/咨询', '1', '5', '2017-11-27 20:42:42', '2017-11-27 20:42:42');
INSERT INTO t_industry_category(industry_category_id,category_name,is_show,sort_no,create_date,update_date) VALUES ('4b9bb89cd37011e792de00ffcff25f0f', '电商/投资/培训', '1', '6', '2017-11-27 20:45:12', '2017-11-27 20:45:16');

INSERT INTO t_site_images(image_id,image_type,image_url,is_show,sort_no,create_date,update_date) VALUES ('6000a1f4d36d11e792de00ffcff25f0f', '0', 'assert/ui/index/images/loopbanner-01.jpg', '1', '0', '2017-11-27 20:22:31', '2017-11-27 20:22:31');
INSERT INTO t_site_images(image_id,image_type,image_url,is_show,sort_no,create_date,update_date) VALUES ('7b5d0d6cd36d11e792de00ffcff25f0f', '0', 'assert/ui/index/images/loopbanner-02.jpg', '1', '1', '2017-11-27 20:22:31', '2017-11-27 20:22:31');
INSERT INTO t_site_images(image_id,image_type,image_url,is_show,sort_no,create_date,update_date) VALUES ('7bf0ee8cd36d11e792de00ffcff25f0f', '0', 'assert/ui/index/images/loopbanner-03.jpg', '1', '2', '2017-11-27 20:22:31', '2017-11-27 20:22:31');
INSERT INTO t_site_images(image_id,image_type,image_url,is_show,sort_no,create_date,update_date) VALUES ('7c82fa5ad36d11e792de00ffcff25f0f', '0', 'assert/ui/index/images/loopbanner-04.jpg', '1', '3', '2017-11-27 20:22:31', '2017-11-27 20:22:31');
INSERT INTO t_site_images(image_id,image_type,image_url,is_show,sort_no,create_date,update_date) VALUES ('7cfddfc0d36d11e792de00ffcff25f0f', '0', 'assert/ui/index/images/loopbanner-05.jpg', '1', '4', '2017-11-27 20:22:31', '2017-11-27 20:22:31');
